-- Seed sample categories
INSERT INTO categories (id, name, description)
VALUES
    ('00000000-0000-0000-0000-000000000001', 'Electronics', 'Gadgets and devices'),
    ('00000000-0000-0000-0000-000000000002', 'Books', 'Fiction and non-fiction'),
    ('00000000-0000-0000-0000-000000000003', 'Home', 'Home and kitchen items'),
    ('00000000-0000-0000-0000-000000000004', 'Sports', 'Sports and outdoor gear')
ON CONFLICT DO NOTHING;

-- Seed sample products (20 items)
INSERT INTO products (id, name, description, price, stock, created_at, updated_at)
VALUES
    ('10000000-0000-0000-0000-000000000001', 'Smartphone', 'Latest model smartphone', 69900, 50, NOW(), NOW()),
    ('10000000-0000-0000-0000-000000000002', 'Cooking Pot', 'Non-stick cooking pot', 4500, 120, NOW(), NOW()),
    ('10000000-0000-0000-0000-000000000003', 'Novel', 'Bestselling novel', 1999, 200, NOW(), NOW()),
    ('10000000-0000-0000-0000-000000000004', 'Laptop', 'Lightweight laptop', 125000, 30, NOW(), NOW()),
    ('10000000-0000-0000-0000-000000000005', 'Headphones', 'Noise-cancelling headphones', 29999, 80, NOW(), NOW()),
    ('10000000-0000-0000-0000-000000000006', 'E-reader', '6-inch e-reader', 8999, 60, NOW(), NOW()),
    ('10000000-0000-0000-0000-000000000007', 'Keyboard', 'Mechanical keyboard', 7500, 100, NOW(), NOW()),
    ('10000000-0000-0000-0000-000000000008', 'Monitor', '27-inch IPS monitor', 32000, 40, NOW(), NOW()),
    ('10000000-0000-0000-0000-000000000009', 'Gaming Mouse', 'Ergonomic gaming mouse', 5200, 150, NOW(), NOW()),
    ('10000000-0000-0000-0000-000000000010', 'Blender', 'Kitchen blender', 6800, 70, NOW(), NOW()),
    ('10000000-0000-0000-0000-000000000011', 'Vacuum Cleaner', 'Bagless vacuum cleaner', 18999, 35, NOW(), NOW()),
    ('10000000-0000-0000-0000-000000000012', 'Air Fryer', 'Digital air fryer', 23999, 45, NOW(), NOW()),
    ('10000000-0000-0000-0000-000000000013', 'Tennis Racket', 'Professional tennis racket', 15999, 55, NOW(), NOW()),
    ('10000000-0000-0000-0000-000000000014', 'Yoga Mat', 'Non-slip yoga mat', 2500, 180, NOW(), NOW()),
    ('10000000-0000-0000-0000-000000000015', 'Football', 'Size 5 football', 3200, 90, NOW(), NOW()),
    ('10000000-0000-0000-0000-000000000016', 'Camping Tent', '4-person camping tent', 45999, 20, NOW(), NOW()),
    ('10000000-0000-0000-0000-000000000017', 'Desk Lamp', 'LED desk lamp', 4200, 110, NOW(), NOW()),
    ('10000000-0000-0000-0000-000000000018', 'Smartwatch', 'Fitness smartwatch', 18999, 65, NOW(), NOW()),
    ('10000000-0000-0000-0000-000000000019', 'Cookbook', 'Healthy recipes cookbook', 3500, 140, NOW(), NOW()),
    ('10000000-0000-0000-0000-000000000020', 'Office Chair', 'Ergonomic office chair', 55999, 25, NOW(), NOW())
ON CONFLICT DO NOTHING;

-- Map products to categories
INSERT INTO product_category (product_id, category_id)
VALUES
    ('10000000-0000-0000-0000-000000000001', '00000000-0000-0000-0000-000000000001'),
    ('10000000-0000-0000-0000-000000000002', '00000000-0000-0000-0000-000000000003'),
    ('10000000-0000-0000-0000-000000000003', '00000000-0000-0000-0000-000000000002'),
    ('10000000-0000-0000-0000-000000000004', '00000000-0000-0000-0000-000000000001'),
    ('10000000-0000-0000-0000-000000000005', '00000000-0000-0000-0000-000000000001'),
    ('10000000-0000-0000-0000-000000000006', '00000000-0000-0000-0000-000000000002'),
    ('10000000-0000-0000-0000-000000000007', '00000000-0000-0000-0000-000000000001'),
    ('10000000-0000-0000-0000-000000000008', '00000000-0000-0000-0000-000000000001'),
    ('10000000-0000-0000-0000-000000000009', '00000000-0000-0000-0000-000000000001'),
    ('10000000-0000-0000-0000-000000000010', '00000000-0000-0000-0000-000000000003'),
    ('10000000-0000-0000-0000-000000000011', '00000000-0000-0000-0000-000000000003'),
    ('10000000-0000-0000-0000-000000000012', '00000000-0000-0000-0000-000000000003'),
    ('10000000-0000-0000-0000-000000000013', '00000000-0000-0000-0000-000000000004'),
    ('10000000-0000-0000-0000-000000000014', '00000000-0000-0000-0000-000000000004'),
    ('10000000-0000-0000-0000-000000000015', '00000000-0000-0000-0000-000000000004'),
    ('10000000-0000-0000-0000-000000000016', '00000000-0000-0000-0000-000000000004'),
    ('10000000-0000-0000-0000-000000000017', '00000000-0000-0000-0000-000000000003'),
    ('10000000-0000-0000-0000-000000000018', '00000000-0000-0000-0000-000000000001'),
    ('10000000-0000-0000-0000-000000000019', '00000000-0000-0000-0000-000000000002'),
    ('10000000-0000-0000-0000-000000000020', '00000000-0000-0000-0000-000000000003')
ON CONFLICT DO NOTHING;

-- Seed sample users (password: password123)
INSERT INTO users (id, email, full_name, password_hash, role, status, is_verified, created_at, updated_at)
VALUES
    ('20000000-0000-0000-0000-000000000001', 'user1@example.com', 'User One', '$2a$10$UW9DVBNAS8DTIShJMFb1rO9bB46fQoQcq8cFPIwQkjnMQiONw0m7a', 'user', 'active', true, NOW(), NOW()),
    ('20000000-0000-0000-0000-000000000002', 'user2@example.com', 'User Two', '$2a$10$UW9DVBNAS8DTIShJMFb1rO9bB46fQoQcq8cFPIwQkjnMQiONw0m7a', 'client', 'active', true, NOW(), NOW())
ON CONFLICT DO NOTHING;
